cognome,nome,partecipazioni_in_noco,mancanti_nel_catalogo_attuale,percentuale_mancante,tipo_perdita
THOVEZ,MARINA,3641,549,15.1,parziale
LASARDO,ROBERT ALFRED,193,193,100.0,totale
THERMES,STEFANO,1734,153,8.8,parziale
FARGAS,JUAN ANTONIO,233,120,51.5,parziale
PARE',MICHAEL,269,107,39.8,parziale
BROWNING,CHRISTOPHER JAY,134,105,78.4,parziale
PARDEILHAN,FRANCIS MICHAEL,156,105,67.3,parziale
MARCIANO,DAVID,247,104,42.1,parziale
THERMES,VITTORIO,551,58,10.5,parziale
FRANZESE,SAMUEL CHRISTIAN,313,51,16.3,parziale
GUILFOYLE,PAUL,466,50,10.7,parziale
DE STEPHANIS,BRUNO,151,49,32.5,parziale
IZZO,GIUSEPPINA,3510,49,1.4,parziale
REVEL,GIULIA,41,40,97.6,parziale
YOUNGS,JOHN SMEALLIE,303,40,13.2,parziale
CULETTO,GIOVANNA,40,39,97.5,parziale
BIONDI,LYDIA,111,35,31.5,parziale
EDWARDS,STANLEY TED,58,34,58.6,parziale
CASTELNUOVO,FRANCESCO,87,31,35.6,parziale
GRAHAM,CURRIE JT,30,30,100.0,totale
LUCARELLI,MARIO,87,29,33.3,parziale
SINGH,MOSE',604,29,4.8,parziale
GROCHOWSKA,MAGDALENA,1897,26,1.4,parziale
ZUCCA,MARIO,85,26,30.6,parziale
,,24,24,100.0,totale
ESPOSITO,RAFFAELE,35,23,65.7,parziale
LUOTTO,ANDRE' PAUL,82,23,28.0,parziale
SEAGAL,STEVEN,79,23,29.1,parziale
DI CARLO,ALESSANDRO,23,22,95.7,parziale
GROSSMAN,NAOMI WRIGHT,87,20,23.0,parziale
RINALDI,NADIA,119,19,16.0,parziale
SORVINO,MIRA,194,19,9.8,parziale
ASSANTE,ARMAND,367,18,4.9,parziale
ORLANDO,ILARIA,39,17,43.6,parziale
DI CARMINE,MAURIZIO,60,16,26.7,parziale
VITALE,CARLO,56,16,28.6,parziale
DAVITIAN,KENNETH,116,15,12.9,parziale
MEDELEANU,DANA,100,15,15.0,parziale
BARBERO,FRANCO,171,14,8.2,parziale
LA ROSA,MARIA CONCETTA,28,13,46.4,parziale
CECCACCI,ROBERTO,61,12,19.7,parziale
ROVINI,ALESSANDRO GIOVANNI,13,12,92.3,parziale
THERMES,MARCELLO,28,11,39.3,parziale
BALDWIN,WILLIAM EDWARD,164,10,6.1,parziale
OLMI,CORRADO,71,10,14.1,parziale
ROBERTS,ERIC,769,10,1.3,parziale
DI NICOLA,MARIA CRISTINA,26,9,34.6,parziale
DI QUILIO,GIULIA,34,9,26.5,parziale
GIOIELLI,LORENZO,105,9,8.6,parziale
REMAR,WILLIAM JAMES,462,9,1.9,parziale
AMOROSINO,LUCA,114,8,7.0,parziale
DONATONE,GIACINTO,74,8,10.8,parziale
MORALES,ESAI MANUEL,320,7,2.2,parziale
NENCINI MAZHAKOVA,TAMARA,38,7,18.4,parziale
AVALLONE,ANTONELLO,13,6,46.2,parziale
GIUFFRE',ADRIANA,51,6,11.8,parziale
HENSTRIDGE,NATASHA TONYA,223,6,2.7,parziale
LAMAS,LORENZO,739,6,0.8,parziale
NOURI,MICHAEL,472,6,1.3,parziale
NICOLAS,FLORENCE,51,5,9.8,parziale
O'REILLY,CYRIL,88,5,5.7,parziale
SBODIO,DONATO,725,5,0.7,parziale
AUTUORO,CRISTIAN,50,4,8.0,parziale
CICCARELLI,ANTONIO,21,4,19.0,parziale
COCI,FRANCESCO,15,4,26.7,parziale
GIUSTO,ORNELLA,67,4,6.0,parziale
HENGER,ÈVA,51,4,7.8,parziale
SCHIENA,ANTONIO,19,4,21.1,parziale
SPEDALIERE,CLAUDIA,8,4,50.0,parziale
STEINER,ROBERT,121,4,3.3,parziale
ANTONINI,CRISTINA,40,3,7.5,parziale
CAMPESE,RENATO,22,3,13.6,parziale
GIGLI,SILVIA,9,3,33.3,parziale
LE PIANE,PIETRO,51,3,5.9,parziale
MANTELLI,FRANCA,31,3,9.7,parziale
MOLINA HERNANDEZ,ENRIQUE NARCISO,43,3,7.0,parziale
RINALLO,GIULIA,12,3,25.0,parziale
SCACCIA,MARIO,41,3,7.3,parziale
AGRIMI,ADRIANO,11,2,18.2,parziale
AGRO',DANIELA,17,2,11.8,parziale
ANTONACI,FRANCESCA,71,2,2.8,parziale
BADESCU,RAMONA,72,2,2.8,parziale
BELOCCHI,MARCO,19,2,10.5,parziale
BRUCCHIERI,SIDDHARTA SERAFINA,4,2,50.0,parziale
CAMPAGNOLA,CLAUDIA,14,2,14.3,parziale
CASTELLUCCIO,FEDERICO,82,2,2.4,parziale
CENCIOTTI,DANIELA,2,2,100.0,totale
CHIARAPPA,PASQUALE ANTHONY,53,2,3.8,parziale
DE FELICI,CRISTINA,5,2,40.0,parziale
DI MAIO,MARA,11,2,18.2,parziale
DUJANI,CARLA,40,2,5.0,parziale
EASTWOOD,KYLE,8,2,25.0,parziale
ESPOSITO,DANIELE,14,2,14.3,parziale
FORMICHI MOGLIA,MARIA CRISTINA,119,2,1.7,parziale
GIANGRANDE,NUNZIO,5,2,40.0,parziale
GOBBI,GIORGIO,134,2,1.5,parziale
LONGO,MARIA LUISA,43,2,4.7,parziale
ROSCIA,ARMANDO,17,2,11.8,parziale
SANAVIO PALME,BEATRICE,69,2,2.9,parziale
TANO,ROCCO,555,2,0.4,parziale
TREVISANELLO,GIOVANNI,3,2,66.7,parziale
TROBOVIC,XSENIJA,6,2,33.3,parziale
ANDREUCCI,ROBERTO,24,1,4.2,parziale
ATTRICE,LUIGI,15,1,6.7,parziale
AUTORINO,MARIAPIA,11,1,9.1,parziale
BARONI,ENRICO,27,1,3.7,parziale
BONACCIO,PIETRO,3,1,33.3,parziale
BRADLEY JR.,HAROLD WILLARD,13,1,7.7,parziale
BUONOMO,ANTONIO,14,1,7.1,parziale
BUTI,MARCO,6,1,16.7,parziale
CASTANA,CLAUDIO,9,1,11.1,parziale
CASTRONUOVO,FERRUCCIO,1,1,100.0,totale
CATAPANO,VINCENZO,4,1,25.0,parziale
CECCONELLO,GIANLUCA,2,1,50.0,parziale
CELLINI,KRISTIAN,1,1,100.0,totale
CERACCHI,SARA,4,1,25.0,parziale
CROCCOLO,CARLO,2,1,50.0,parziale
DAMIANI,PASQUALINO,45,1,2.2,parziale
DI LUZIO,GABRIELLA,7,1,14.3,parziale
DIMITRI,ANNA,3,1,33.3,parziale
FERRARO,VALENTINO,2,1,50.0,parziale
FRIONI,CECILIA,10,1,10.0,parziale
GENTILE,GAETANO,5,1,20.0,parziale
GIUFFREDA,LUIGI,10,1,10.0,parziale
GORIA,AMEDEO MARIA,6,1,16.7,parziale
GRILLO,GIORGIA,1,1,100.0,totale
MANCIAGLI,CHIARA,1,1,100.0,totale
MASSA,MARTINA,2,1,50.0,parziale
MASTELLONI,LEOPOLDO,20,1,5.0,parziale
MAURO,GIOVANNI,2,1,50.0,parziale
MEZZETTI MATTEI,DANILO,20,1,5.0,parziale
MONTICELLI,MARIA,37,1,2.7,parziale
MORONI,DINO,7,1,14.3,parziale
MOSETTI,ANTONELLA,9,1,11.1,parziale
McNAMARA,WILLIAM WEST,164,1,0.6,parziale
ORLANDI,GIADA,22,1,4.5,parziale
PACE,PAOLA,9,1,11.1,parziale
PAGANINI,ALFONSO,3,1,33.3,parziale
PARODI,MARIO,22,1,4.5,parziale
PELOROSSO,GIANCARLO,4,1,25.0,parziale
PERRELLA,MARIANO,1,1,100.0,totale
PISELLI,MARIA LUISA,3,1,33.3,parziale
SANPITER,IRINA,12,1,8.3,parziale
SANZO',ROBERTA,22,1,4.5,parziale
SPERANDEO,GAETANO,231,1,0.4,parziale
THEODOSOPOULOS,KONSTANTINOS,278,1,0.4,parziale
TRAVERSA,FABRIZIO,76,1,1.3,parziale
WILCOX,LISA ELIZABETH,72,1,1.4,parziale
ZITO,GIACOMO,9,1,11.1,parziale
